[{"model": "admin.logentry", "pk": 1, "fields": {"action_time": "2023-11-08T01:41:21.242Z", "user": 1, "content_type": 9, "object_id": "2", "object_repr": "Scary Cookies", "action_flag": 1, "change_message": "[{\"added\": {}}]"}}, {"model": "admin.logentry", "pk": 2, "fields": {"action_time": "2023-11-08T01:42:41.966Z", "user": 1, "content_type": 9, "object_id": "3", "object_repr": "Spider Cake", "action_flag": 1, "change_message": "[{\"added\": {}}]"}}, {"model": "admin.logentry", "pk": 3, "fields": {"action_time": "2023-11-08T01:43:15.156Z", "user": 1, "content_type": 9, "object_id": "4", "object_repr": "Skeleton Biscuits", "action_flag": 1, "change_message": "[{\"added\": {}}]"}}, {"model": "admin.logentry", "pk": 4, "fields": {"action_time": "2023-11-08T01:43:45.640Z", "user": 1, "content_type": 9, "object_id": "5", "object_repr": "Canadian Sugar Pie", "action_flag": 1, "change_message": "[{\"added\": {}}]"}}, {"model": "admin.logentry", "pk": 5, "fields": {"action_time": "2023-11-08T01:44:03.930Z", "user": 1, "content_type": 9, "object_id": "5", "object_repr": "Canadian Sugar Pie", "action_flag": 2, "change_message": "[{\"changed\": {\"fields\": [\"Price\"]}}]"}}, {"model": "admin.logentry", "pk": 6, "fields": {"action_time": "2023-11-08T01:44:40.018Z", "user": 1, "content_type": 9, "object_id": "6", "object_repr": "Ginger Bread Muffin", "action_flag": 1, "change_message": "[{\"added\": {}}]"}}, {"model": "admin.logentry", "pk": 7, "fields": {"action_time": "2023-11-08T01:45:02.360Z", "user": 1, "content_type": 9, "object_id": "7", "object_repr": "Apple Cinnamon Bread", "action_flag": 1, "change_message": "[{\"added\": {}}]"}}, {"model": "admin.logentry", "pk": 8, "fields": {"action_time": "2023-11-08T01:45:22.537Z", "user": 1, "content_type": 9, "object_id": "8", "object_repr": "Chocolate Donuts", "action_flag": 1, "change_message": "[{\"added\": {}}]"}}, {"model": "admin.logentry", "pk": 9, "fields": {"action_time": "2023-11-08T01:45:54.743Z", "user": 1, "content_type": 9, "object_id": "9", "object_repr": "Sugar Free Cake", "action_flag": 1, "change_message": "[{\"added\": {}}]"}}, {"model": "admin.logentry", "pk": 10, "fields": {"action_time": "2023-11-08T01:46:19.884Z", "user": 1, "content_type": 9, "object_id": "10", "object_repr": "Aniversary Cake", "action_flag": 1, "change_message": "[{\"added\": {}}]"}}, {"model": "admin.logentry", "pk": 11, "fields": {"action_time": "2023-11-08T02:10:05.657Z", "user": 1, "content_type": 9, "object_id": "10", "object_repr": "Aniversary Cake", "action_flag": 2, "change_message": "[{\"changed\": {\"fields\": [\"Image\"]}}]"}}, {"model": "admin.logentry", "pk": 12, "fields": {"action_time": "2023-11-08T02:10:48.462Z", "user": 1, "content_type": 9, "object_id": "10", "object_repr": "Aniversary Cake", "action_flag": 2, "change_message": "[{\"changed\": {\"fields\": [\"Image\"]}}]"}}, {"model": "admin.logentry", "pk": 13, "fields": {"action_time": "2023-11-08T02:11:13.280Z", "user": 1, "content_type": 9, "object_id": "10", "object_repr": "Aniversary Cake", "action_flag": 2, "change_message": "[{\"changed\": {\"fields\": [\"Image\"]}}]"}}, {"model": "admin.logentry", "pk": 14, "fields": {"action_time": "2023-11-08T02:11:30.930Z", "user": 1, "content_type": 9, "object_id": "10", "object_repr": "Aniversary Cake", "action_flag": 2, "change_message": "[{\"changed\": {\"fields\": [\"Image\"]}}]"}}, {"model": "admin.logentry", "pk": 15, "fields": {"action_time": "2023-11-08T22:31:52.372Z", "user": 1, "content_type": 9, "object_id": "10", "object_repr": "Aniversary Cake", "action_flag": 2, "change_message": "[{\"changed\": {\"fields\": [\"Image\"]}}]"}}, {"model": "admin.logentry", "pk": 16, "fields": {"action_time": "2023-11-08T23:42:16.954Z", "user": 1, "content_type": 9, "object_id": "10", "object_repr": "Aniversary Cake", "action_flag": 2, "change_message": "[{\"changed\": {\"fields\": [\"Special\"]}}]"}}, {"model": "admin.logentry", "pk": 17, "fields": {"action_time": "2023-11-08T23:42:22.604Z", "user": 1, "content_type": 9, "object_id": "9", "object_repr": "Sugar Free Cake", "action_flag": 2, "change_message": "[{\"changed\": {\"fields\": [\"Special\"]}}]"}}, {"model": "admin.logentry", "pk": 18, "fields": {"action_time": "2023-11-08T23:42:31.780Z", "user": 1, "content_type": 9, "object_id": "8", "object_repr": "Chocolate Donuts", "action_flag": 2, "change_message": "[{\"changed\": {\"fields\": [\"Special\"]}}]"}}, {"model": "admin.logentry", "pk": 19, "fields": {"action_time": "2023-11-09T02:56:49.386Z", "user": 1, "content_type": 9, "object_id": "9", "object_repr": "Sugar Free Cake", "action_flag": 2, "change_message": "[{\"changed\": {\"fields\": [\"Image\"]}}]"}}, {"model": "admin.logentry", "pk": 20, "fields": {"action_time": "2023-11-09T02:57:55.075Z", "user": 1, "content_type": 9, "object_id": "8", "object_repr": "Chocolate Donuts", "action_flag": 2, "change_message": "[{\"changed\": {\"fields\": [\"Image\"]}}]"}}, {"model": "admin.logentry", "pk": 21, "fields": {"action_time": "2023-11-09T02:59:51.315Z", "user": 1, "content_type": 9, "object_id": "7", "object_repr": "Apple Cinnamon Bread", "action_flag": 2, "change_message": "[{\"changed\": {\"fields\": [\"Image\"]}}]"}}, {"model": "admin.logentry", "pk": 22, "fields": {"action_time": "2023-11-09T03:00:30.498Z", "user": 1, "content_type": 9, "object_id": "6", "object_repr": "Ginger Bread Muffin", "action_flag": 2, "change_message": "[{\"changed\": {\"fields\": [\"Image\"]}}]"}}, {"model": "admin.logentry", "pk": 23, "fields": {"action_time": "2023-11-09T03:01:01.467Z", "user": 1, "content_type": 9, "object_id": "5", "object_repr": "Canadian Sugar Pie", "action_flag": 2, "change_message": "[{\"changed\": {\"fields\": [\"Image\"]}}]"}}, {"model": "admin.logentry", "pk": 24, "fields": {"action_time": "2023-11-09T03:02:36.939Z", "user": 1, "content_type": 9, "object_id": "4", "object_repr": "Skeleton Biscuits", "action_flag": 2, "change_message": "[{\"changed\": {\"fields\": [\"Image\"]}}]"}}, {"model": "admin.logentry", "pk": 25, "fields": {"action_time": "2023-11-09T03:03:07.419Z", "user": 1, "content_type": 9, "object_id": "3", "object_repr": "Spider Cake", "action_flag": 2, "change_message": "[{\"changed\": {\"fields\": [\"Image\"]}}]"}}, {"model": "admin.logentry", "pk": 26, "fields": {"action_time": "2023-11-09T03:03:48.053Z", "user": 1, "content_type": 9, "object_id": "2", "object_repr": "Scary Cookies", "action_flag": 2, "change_message": "[{\"changed\": {\"fields\": [\"Image\"]}}]"}}, {"model": "admin.logentry", "pk": 27, "fields": {"action_time": "2023-11-09T03:09:11.500Z", "user": 1, "content_type": 9, "object_id": "8", "object_repr": "Chocolate Donuts", "action_flag": 2, "change_message": "[{\"changed\": {\"fields\": [\"Special\"]}}]"}}, {"model": "admin.logentry", "pk": 28, "fields": {"action_time": "2023-11-09T03:16:25.342Z", "user": 1, "content_type": 9, "object_id": "5", "object_repr": "Canadian Sugar Pie", "action_flag": 2, "change_message": "[{\"changed\": {\"fields\": [\"Special\"]}}]"}}, {"model": "admin.logentry", "pk": 29, "fields": {"action_time": "2023-11-09T06:04:42.085Z", "user": 1, "content_type": 7, "object_id": "1", "object_repr": "test", "action_flag": 1, "change_message": "[{\"added\": {}}]"}}, {"model": "admin.logentry", "pk": 30, "fields": {"action_time": "2023-11-09T06:05:35.584Z", "user": 1, "content_type": 8, "object_id": "1", "object_repr": "1", "action_flag": 1, "change_message": "[{\"added\": {}}]"}}, {"model": "admin.logentry", "pk": 31, "fields": {"action_time": "2023-11-09T06:06:10.777Z", "user": 1, "content_type": 11, "object_id": "1", "object_repr": "OrderItem object (1)", "action_flag": 1, "change_message": "[{\"added\": {}}]"}}, {"model": "admin.logentry", "pk": 32, "fields": {"action_time": "2023-11-09T06:06:21.912Z", "user": 1, "content_type": 11, "object_id": "2", "object_repr": "OrderItem object (2)", "action_flag": 1, "change_message": "[{\"added\": {}}]"}}, {"model": "admin.logentry", "pk": 33, "fields": {"action_time": "2023-11-09T20:42:00.587Z", "user": 1, "content_type": 9, "object_id": "10", "object_repr": "Aniversary Cake", "action_flag": 2, "change_message": "[{\"changed\": {\"fields\": [\"Special\"]}}]"}}, {"model": "admin.logentry", "pk": 34, "fields": {"action_time": "2023-11-09T20:42:12.401Z", "user": 1, "content_type": 9, "object_id": "10", "object_repr": "Aniversary Cake", "action_flag": 2, "change_message": "[{\"changed\": {\"fields\": [\"Special\"]}}]"}}, {"model": "admin.logentry", "pk": 35, "fields": {"action_time": "2023-11-09T21:39:07.710Z", "user": 1, "content_type": 9, "object_id": "10", "object_repr": "Aniversary Cake", "action_flag": 2, "change_message": "[]"}}, {"model": "admin.logentry", "pk": 36, "fields": {"action_time": "2023-11-09T21:43:46.989Z", "user": 1, "content_type": 9, "object_id": "11", "object_repr": "test", "action_flag": 1, "change_message": "[{\"added\": {}}]"}}, {"model": "admin.logentry", "pk": 37, "fields": {"action_time": "2023-11-09T21:44:03.785Z", "user": 1, "content_type": 9, "object_id": "11", "object_repr": "test", "action_flag": 3, "change_message": ""}}, {"model": "admin.logentry", "pk": 38, "fields": {"action_time": "2023-11-09T22:17:26.351Z", "user": 1, "content_type": 9, "object_id": "9", "object_repr": "Sugar Free Cake", "action_flag": 2, "change_message": "[{\"changed\": {\"fields\": [\"Special\"]}}]"}}, {"model": "admin.logentry", "pk": 39, "fields": {"action_time": "2023-11-09T22:17:46.169Z", "user": 1, "content_type": 9, "object_id": "6", "object_repr": "Ginger Bread Muffin", "action_flag": 2, "change_message": "[{\"changed\": {\"fields\": [\"Special\"]}}]"}}, {"model": "admin.logentry", "pk": 40, "fields": {"action_time": "2023-11-09T22:18:55.892Z", "user": 1, "content_type": 9, "object_id": "12", "object_repr": "delicious", "action_flag": 1, "change_message": "[{\"added\": {}}]"}}, {"model": "admin.logentry", "pk": 41, "fields": {"action_time": "2023-11-20T07:25:03.144Z", "user": 1, "content_type": 8, "object_id": "1", "object_repr": "1", "action_flag": 3, "change_message": ""}}, {"model": "admin.logentry", "pk": 42, "fields": {"action_time": "2023-11-20T07:35:05.202Z", "user": 1, "content_type": 11, "object_id": "2", "object_repr": "OrderItem object (2)", "action_flag": 2, "change_message": "[{\"changed\": {\"fields\": [\"Order\"]}}]"}}, {"model": "admin.logentry", "pk": 43, "fields": {"action_time": "2023-11-20T07:35:13.719Z", "user": 1, "content_type": 11, "object_id": "1", "object_repr": "OrderItem object (1)", "action_flag": 2, "change_message": "[{\"changed\": {\"fields\": [\"Order\"]}}]"}}, {"model": "admin.logentry", "pk": 44, "fields": {"action_time": "2023-11-21T22:28:58.088Z", "user": 1, "content_type": 8, "object_id": "2", "object_repr": "2", "action_flag": 3, "change_message": ""}}, {"model": "admin.logentry", "pk": 45, "fields": {"action_time": "2023-11-21T22:37:40.260Z", "user": 1, "content_type": 8, "object_id": "3", "object_repr": "3", "action_flag": 3, "change_message": ""}}, {"model": "admin.logentry", "pk": 46, "fields": {"action_time": "2023-11-21T22:58:54.720Z", "user": 1, "content_type": 7, "object_id": "1", "object_repr": "test", "action_flag": 2, "change_message": "[]"}}, {"model": "admin.logentry", "pk": 47, "fields": {"action_time": "2023-11-21T23:15:55.021Z", "user": 1, "content_type": 8, "object_id": "4", "object_repr": "4", "action_flag": 1, "change_message": "[{\"added\": {}}]"}}, {"model": "admin.logentry", "pk": 48, "fields": {"action_time": "2023-11-21T23:16:13.684Z", "user": 1, "content_type": 11, "object_id": "1", "object_repr": "OrderItem object (1)", "action_flag": 2, "change_message": "[{\"changed\": {\"fields\": [\"Order\"]}}]"}}, {"model": "admin.logentry", "pk": 49, "fields": {"action_time": "2023-11-21T23:21:41.979Z", "user": 1, "content_type": 8, "object_id": "5", "object_repr": "5", "action_flag": 2, "change_message": "[{\"changed\": {\"fields\": [\"Customer\", \"Transaction id\"]}}]"}}, {"model": "admin.logentry", "pk": 50, "fields": {"action_time": "2023-11-21T23:21:58.450Z", "user": 1, "content_type": 11, "object_id": "2", "object_repr": "OrderItem object (2)", "action_flag": 2, "change_message": "[{\"changed\": {\"fields\": [\"Order\"]}}]"}}, {"model": "admin.logentry", "pk": 51, "fields": {"action_time": "2023-11-21T23:22:08.267Z", "user": 1, "content_type": 11, "object_id": "2", "object_repr": "OrderItem object (2)", "action_flag": 2, "change_message": "[{\"changed\": {\"fields\": [\"Order\"]}}]"}}, {"model": "admin.logentry", "pk": 52, "fields": {"action_time": "2023-11-21T23:22:20.517Z", "user": 1, "content_type": 11, "object_id": "1", "object_repr": "OrderItem object (1)", "action_flag": 2, "change_message": "[]"}}, {"model": "admin.logentry", "pk": 53, "fields": {"action_time": "2023-11-21T23:22:51.979Z", "user": 1, "content_type": 7, "object_id": "2", "object_repr": "None", "action_flag": 3, "change_message": ""}}, {"model": "admin.logentry", "pk": 54, "fields": {"action_time": "2023-11-21T23:22:59.546Z", "user": 1, "content_type": 7, "object_id": "1", "object_repr": "test", "action_flag": 2, "change_message": "[{\"changed\": {\"fields\": [\"User\"]}}]"}}, {"model": "admin.logentry", "pk": 55, "fields": {"action_time": "2023-11-23T18:37:44.408Z", "user": 1, "content_type": 11, "object_id": "2", "object_repr": "OrderItem object (2)", "action_flag": 2, "change_message": "[{\"changed\": {\"fields\": [\"Order\"]}}]"}}, {"model": "admin.logentry", "pk": 56, "fields": {"action_time": "2023-11-23T18:38:21.078Z", "user": 1, "content_type": 8, "object_id": "5", "object_repr": "5", "action_flag": 3, "change_message": ""}}, {"model": "admin.logentry", "pk": 57, "fields": {"action_time": "2023-11-28T04:47:09.783Z", "user": 1, "content_type": 9, "object_id": "10", "object_repr": "Aniversary Cake", "action_flag": 2, "change_message": "[{\"changed\": {\"fields\": [\"Digital\"]}}]"}}, {"model": "admin.logentry", "pk": 58, "fields": {"action_time": "2023-11-29T07:35:16.632Z", "user": 1, "content_type": 8, "object_id": "4", "object_repr": "4", "action_flag": 3, "change_message": ""}}, {"model": "admin.logentry", "pk": 59, "fields": {"action_time": "2023-11-29T07:35:24.452Z", "user": 1, "content_type": 8, "object_id": "6", "object_repr": "6", "action_flag": 3, "change_message": ""}}, {"model": "admin.logentry", "pk": 60, "fields": {"action_time": "2023-11-30T05:32:14.922Z", "user": 1, "content_type": 8, "object_id": "25", "object_repr": "25", "action_flag": 3, "change_message": ""}}, {"model": "admin.logentry", "pk": 61, "fields": {"action_time": "2023-11-30T05:32:14.926Z", "user": 1, "content_type": 8, "object_id": "24", "object_repr": "24", "action_flag": 3, "change_message": ""}}, {"model": "admin.logentry", "pk": 62, "fields": {"action_time": "2023-11-30T05:32:14.927Z", "user": 1, "content_type": 8, "object_id": "23", "object_repr": "23", "action_flag": 3, "change_message": ""}}, {"model": "admin.logentry", "pk": 63, "fields": {"action_time": "2023-11-30T05:32:14.929Z", "user": 1, "content_type": 8, "object_id": "22", "object_repr": "22", "action_flag": 3, "change_message": ""}}, {"model": "admin.logentry", "pk": 64, "fields": {"action_time": "2023-11-30T05:32:14.929Z", "user": 1, "content_type": 8, "object_id": "21", "object_repr": "21", "action_flag": 3, "change_message": ""}}, {"model": "admin.logentry", "pk": 65, "fields": {"action_time": "2023-11-30T05:32:14.930Z", "user": 1, "content_type": 8, "object_id": "20", "object_repr": "20", "action_flag": 3, "change_message": ""}}, {"model": "admin.logentry", "pk": 66, "fields": {"action_time": "2023-11-30T05:32:14.931Z", "user": 1, "content_type": 8, "object_id": "19", "object_repr": "19", "action_flag": 3, "change_message": ""}}, {"model": "admin.logentry", "pk": 67, "fields": {"action_time": "2023-11-30T05:32:14.932Z", "user": 1, "content_type": 8, "object_id": "18", "object_repr": "18", "action_flag": 3, "change_message": ""}}, {"model": "admin.logentry", "pk": 68, "fields": {"action_time": "2023-11-30T05:32:14.932Z", "user": 1, "content_type": 8, "object_id": "17", "object_repr": "17", "action_flag": 3, "change_message": ""}}, {"model": "admin.logentry", "pk": 69, "fields": {"action_time": "2023-11-30T05:32:14.933Z", "user": 1, "content_type": 8, "object_id": "16", "object_repr": "16", "action_flag": 3, "change_message": ""}}, {"model": "admin.logentry", "pk": 70, "fields": {"action_time": "2023-11-30T05:32:14.934Z", "user": 1, "content_type": 8, "object_id": "15", "object_repr": "15", "action_flag": 3, "change_message": ""}}, {"model": "admin.logentry", "pk": 71, "fields": {"action_time": "2023-11-30T05:32:14.935Z", "user": 1, "content_type": 8, "object_id": "14", "object_repr": "14", "action_flag": 3, "change_message": ""}}, {"model": "admin.logentry", "pk": 72, "fields": {"action_time": "2023-11-30T05:32:14.936Z", "user": 1, "content_type": 8, "object_id": "13", "object_repr": "13", "action_flag": 3, "change_message": ""}}, {"model": "admin.logentry", "pk": 73, "fields": {"action_time": "2023-11-30T05:32:14.937Z", "user": 1, "content_type": 8, "object_id": "12", "object_repr": "12", "action_flag": 3, "change_message": ""}}, {"model": "admin.logentry", "pk": 74, "fields": {"action_time": "2023-11-30T05:32:14.938Z", "user": 1, "content_type": 8, "object_id": "11", "object_repr": "11", "action_flag": 3, "change_message": ""}}, {"model": "admin.logentry", "pk": 75, "fields": {"action_time": "2023-11-30T05:32:14.939Z", "user": 1, "content_type": 8, "object_id": "10", "object_repr": "10", "action_flag": 3, "change_message": ""}}, {"model": "admin.logentry", "pk": 76, "fields": {"action_time": "2023-11-30T05:32:14.940Z", "user": 1, "content_type": 8, "object_id": "9", "object_repr": "9", "action_flag": 3, "change_message": ""}}, {"model": "admin.logentry", "pk": 77, "fields": {"action_time": "2023-11-30T05:32:14.942Z", "user": 1, "content_type": 8, "object_id": "8", "object_repr": "8", "action_flag": 3, "change_message": ""}}, {"model": "admin.logentry", "pk": 78, "fields": {"action_time": "2023-11-30T05:32:14.943Z", "user": 1, "content_type": 8, "object_id": "7", "object_repr": "7", "action_flag": 3, "change_message": ""}}, {"model": "admin.logentry", "pk": 79, "fields": {"action_time": "2023-11-30T06:03:14.211Z", "user": 1, "content_type": 7, "object_id": "3", "object_repr": "None", "action_flag": 3, "change_message": ""}}, {"model": "admin.logentry", "pk": 80, "fields": {"action_time": "2023-11-30T06:03:17.319Z", "user": 1, "content_type": 7, "object_id": "4", "object_repr": "None", "action_flag": 3, "change_message": ""}}, {"model": "admin.logentry", "pk": 81, "fields": {"action_time": "2023-11-30T06:06:26.875Z", "user": 1, "content_type": 10, "object_id": "7", "object_repr": "", "action_flag": 3, "change_message": ""}}, {"model": "admin.logentry", "pk": 82, "fields": {"action_time": "2023-11-30T06:06:26.877Z", "user": 1, "content_type": 10, "object_id": "6", "object_repr": "", "action_flag": 3, "change_message": ""}}, {"model": "admin.logentry", "pk": 83, "fields": {"action_time": "2023-11-30T06:06:26.878Z", "user": 1, "content_type": 10, "object_id": "5", "object_repr": "", "action_flag": 3, "change_message": ""}}, {"model": "admin.logentry", "pk": 84, "fields": {"action_time": "2023-11-30T06:06:26.878Z", "user": 1, "content_type": 10, "object_id": "4", "object_repr": "", "action_flag": 3, "change_message": ""}}, {"model": "admin.logentry", "pk": 85, "fields": {"action_time": "2023-11-30T06:06:26.879Z", "user": 1, "content_type": 10, "object_id": "3", "object_repr": "", "action_flag": 3, "change_message": ""}}, {"model": "admin.logentry", "pk": 86, "fields": {"action_time": "2023-11-30T06:06:26.880Z", "user": 1, "content_type": 10, "object_id": "2", "object_repr": "", "action_flag": 3, "change_message": ""}}, {"model": "admin.logentry", "pk": 87, "fields": {"action_time": "2023-11-30T14:53:17.055Z", "user": 1, "content_type": 11, "object_id": "19", "object_repr": "OrderItem object (19)", "action_flag": 3, "change_message": ""}}, {"model": "admin.logentry", "pk": 88, "fields": {"action_time": "2023-11-30T14:53:17.063Z", "user": 1, "content_type": 11, "object_id": "18", "object_repr": "OrderItem object (18)", "action_flag": 3, "change_message": ""}}, {"model": "admin.logentry", "pk": 89, "fields": {"action_time": "2023-11-30T14:53:17.064Z", "user": 1, "content_type": 11, "object_id": "13", "object_repr": "OrderItem object (13)", "action_flag": 3, "change_message": ""}}, {"model": "admin.logentry", "pk": 90, "fields": {"action_time": "2023-11-30T14:53:17.065Z", "user": 1, "content_type": 11, "object_id": "12", "object_repr": "OrderItem object (12)", "action_flag": 3, "change_message": ""}}, {"model": "admin.logentry", "pk": 91, "fields": {"action_time": "2023-11-30T14:53:17.067Z", "user": 1, "content_type": 11, "object_id": "11", "object_repr": "OrderItem object (11)", "action_flag": 3, "change_message": ""}}, {"model": "admin.logentry", "pk": 92, "fields": {"action_time": "2023-11-30T14:53:17.067Z", "user": 1, "content_type": 11, "object_id": "10", "object_repr": "OrderItem object (10)", "action_flag": 3, "change_message": ""}}, {"model": "admin.logentry", "pk": 93, "fields": {"action_time": "2023-11-30T14:53:17.068Z", "user": 1, "content_type": 11, "object_id": "9", "object_repr": "OrderItem object (9)", "action_flag": 3, "change_message": ""}}, {"model": "admin.logentry", "pk": 94, "fields": {"action_time": "2023-11-30T14:53:17.069Z", "user": 1, "content_type": 11, "object_id": "8", "object_repr": "OrderItem object (8)", "action_flag": 3, "change_message": ""}}, {"model": "admin.logentry", "pk": 95, "fields": {"action_time": "2023-11-30T14:53:17.069Z", "user": 1, "content_type": 11, "object_id": "7", "object_repr": "OrderItem object (7)", "action_flag": 3, "change_message": ""}}, {"model": "admin.logentry", "pk": 96, "fields": {"action_time": "2023-11-30T14:53:17.070Z", "user": 1, "content_type": 11, "object_id": "6", "object_repr": "OrderItem object (6)", "action_flag": 3, "change_message": ""}}, {"model": "admin.logentry", "pk": 97, "fields": {"action_time": "2023-11-30T14:53:17.072Z", "user": 1, "content_type": 11, "object_id": "5", "object_repr": "OrderItem object (5)", "action_flag": 3, "change_message": ""}}, {"model": "admin.logentry", "pk": 98, "fields": {"action_time": "2023-11-30T14:53:17.073Z", "user": 1, "content_type": 11, "object_id": "4", "object_repr": "OrderItem object (4)", "action_flag": 3, "change_message": ""}}, {"model": "admin.logentry", "pk": 99, "fields": {"action_time": "2023-12-01T21:13:55.593Z", "user": 1, "content_type": 9, "object_id": "12", "object_repr": "Touteire", "action_flag": 2, "change_message": "[{\"changed\": {\"fields\": [\"Name\", \"Image\"]}}]"}}, {"model": "admin.logentry", "pk": 100, "fields": {"action_time": "2023-12-01T21:14:57.741Z", "user": 1, "content_type": 9, "object_id": "10", "object_repr": "Apple pie", "action_flag": 2, "change_message": "[{\"changed\": {\"fields\": [\"Name\", \"Image\"]}}]"}}, {"model": "admin.logentry", "pk": 101, "fields": {"action_time": "2023-12-01T21:15:23.740Z", "user": 1, "content_type": 9, "object_id": "9", "object_repr": "Ginger bread man", "action_flag": 2, "change_message": "[{\"changed\": {\"fields\": [\"Name\", \"Image\"]}}]"}}, {"model": "admin.logentry", "pk": 102, "fields": {"action_time": "2023-12-01T21:37:06.440Z", "user": 1, "content_type": 9, "object_id": "12", "object_repr": "Tourtiere", "action_flag": 2, "change_message": "[{\"changed\": {\"fields\": [\"Name\", \"Price\"]}}]"}}, {"model": "admin.logentry", "pk": 103, "fields": {"action_time": "2023-12-05T15:31:43.512Z", "user": 1, "content_type": 9, "object_id": "13", "object_repr": "Christmas cookie", "action_flag": 1, "change_message": "[{\"added\": {}}]"}}, {"model": "admin.logentry", "pk": 104, "fields": {"action_time": "2023-12-05T15:53:16.545Z", "user": 1, "content_type": 9, "object_id": "13", "object_repr": "Christmas cookie", "action_flag": 2, "change_message": "[{\"changed\": {\"fields\": [\"Image\"]}}]"}}, {"model": "admin.logentry", "pk": 105, "fields": {"action_time": "2023-12-05T15:53:55.220Z", "user": 1, "content_type": 9, "object_id": "13", "object_repr": "Christmas cookie", "action_flag": 3, "change_message": ""}}, {"model": "admin.logentry", "pk": 106, "fields": {"action_time": "2023-12-05T15:54:58.726Z", "user": 1, "content_type": 9, "object_id": "9", "object_repr": "Ginger bread man", "action_flag": 2, "change_message": "[{\"changed\": {\"fields\": [\"Image\"]}}]"}}, {"model": "admin.logentry", "pk": 107, "fields": {"action_time": "2023-12-05T15:55:12.717Z", "user": 1, "content_type": 9, "object_id": "5", "object_repr": "Canadian Sugar Pie", "action_flag": 2, "change_message": "[{\"changed\": {\"fields\": [\"Image\"]}}]"}}, {"model": "admin.logentry", "pk": 108, "fields": {"action_time": "2023-12-05T15:56:04.214Z", "user": 1, "content_type": 9, "object_id": "6", "object_repr": "Butter cookies", "action_flag": 2, "change_message": "[{\"changed\": {\"fields\": [\"Name\", \"Image\"]}}]"}}, {"model": "admin.logentry", "pk": 109, "fields": {"action_time": "2023-12-05T15:56:39.833Z", "user": 1, "content_type": 9, "object_id": "5", "object_repr": "Canadian Pie", "action_flag": 2, "change_message": "[{\"changed\": {\"fields\": [\"Name\"]}}]"}}, {"model": "admin.logentry", "pk": 110, "fields": {"action_time": "2023-12-05T16:23:38.649Z", "user": 1, "content_type": 9, "object_id": "12", "object_repr": "Tourtiere", "action_flag": 2, "change_message": "[{\"changed\": {\"fields\": [\"Price\"]}}]"}}, {"model": "admin.logentry", "pk": 111, "fields": {"action_time": "2023-12-05T18:24:04.213Z", "user": 1, "content_type": 9, "object_id": "12", "object_repr": "Tourtiere", "action_flag": 2, "change_message": "[{\"changed\": {\"fields\": [\"Digital\"]}}]"}}, {"model": "admin.logentry", "pk": 112, "fields": {"action_time": "2023-12-05T18:40:06.198Z", "user": 1, "content_type": 9, "object_id": "12", "object_repr": "Tourtiere", "action_flag": 2, "change_message": "[{\"changed\": {\"fields\": [\"Digital\"]}}]"}}, {"model": "admin.logentry", "pk": 113, "fields": {"action_time": "2023-12-05T18:40:19.906Z", "user": 1, "content_type": 9, "object_id": "10", "object_repr": "Apple pie", "action_flag": 2, "change_message": "[{\"changed\": {\"fields\": [\"Digital\"]}}]"}}, {"model": "admin.logentry", "pk": 114, "fields": {"action_time": "2023-12-07T02:31:28.116Z", "user": 1, "content_type": 9, "object_id": "12", "object_repr": "Tourtiere", "action_flag": 2, "change_message": "[{\"changed\": {\"fields\": [\"Digital\"]}}]"}}, {"model": "admin.logentry", "pk": 115, "fields": {"action_time": "2023-12-07T02:31:31.973Z", "user": 1, "content_type": 9, "object_id": "10", "object_repr": "Apple pie", "action_flag": 2, "change_message": "[{\"changed\": {\"fields\": [\"Digital\"]}}]"}}, {"model": "admin.logentry", "pk": 116, "fields": {"action_time": "2023-12-07T02:31:36.676Z", "user": 1, "content_type": 9, "object_id": "9", "object_repr": "Ginger bread man", "action_flag": 2, "change_message": "[{\"changed\": {\"fields\": [\"Digital\"]}}]"}}, {"model": "admin.logentry", "pk": 117, "fields": {"action_time": "2023-12-07T02:31:41.079Z", "user": 1, "content_type": 9, "object_id": "8", "object_repr": "Chocolate Donuts", "action_flag": 2, "change_message": "[{\"changed\": {\"fields\": [\"Digital\"]}}]"}}, {"model": "admin.logentry", "pk": 118, "fields": {"action_time": "2023-12-07T02:31:46.732Z", "user": 1, "content_type": 9, "object_id": "7", "object_repr": "Apple Cinnamon Bread", "action_flag": 2, "change_message": "[{\"changed\": {\"fields\": [\"Digital\"]}}]"}}, {"model": "admin.logentry", "pk": 119, "fields": {"action_time": "2023-12-07T02:31:51.489Z", "user": 1, "content_type": 9, "object_id": "7", "object_repr": "Apple Cinnamon Bread", "action_flag": 2, "change_message": "[]"}}, {"model": "admin.logentry", "pk": 120, "fields": {"action_time": "2023-12-07T02:31:55.734Z", "user": 1, "content_type": 9, "object_id": "6", "object_repr": "Butter cookies", "action_flag": 2, "change_message": "[{\"changed\": {\"fields\": [\"Digital\"]}}]"}}, {"model": "admin.logentry", "pk": 121, "fields": {"action_time": "2023-12-07T02:31:59.872Z", "user": 1, "content_type": 9, "object_id": "5", "object_repr": "Canadian Pie", "action_flag": 2, "change_message": "[{\"changed\": {\"fields\": [\"Digital\"]}}]"}}, {"model": "admin.logentry", "pk": 122, "fields": {"action_time": "2023-12-07T02:32:03.783Z", "user": 1, "content_type": 9, "object_id": "4", "object_repr": "Skeleton Biscuits", "action_flag": 2, "change_message": "[{\"changed\": {\"fields\": [\"Digital\"]}}]"}}, {"model": "admin.logentry", "pk": 123, "fields": {"action_time": "2023-12-07T02:32:08.311Z", "user": 1, "content_type": 9, "object_id": "3", "object_repr": "Spider Cake", "action_flag": 2, "change_message": "[{\"changed\": {\"fields\": [\"Digital\"]}}]"}}, {"model": "admin.logentry", "pk": 124, "fields": {"action_time": "2023-12-07T02:32:10.948Z", "user": 1, "content_type": 9, "object_id": "3", "object_repr": "Spider Cake", "action_flag": 2, "change_message": "[]"}}, {"model": "admin.logentry", "pk": 125, "fields": {"action_time": "2023-12-07T02:33:43.555Z", "user": 1, "content_type": 9, "object_id": "2", "object_repr": "Scary Cookies", "action_flag": 2, "change_message": "[{\"changed\": {\"fields\": [\"Digital\"]}}]"}}, {"model": "auth.permission", "pk": 1, "fields": {"name": "Can add log entry", "content_type": 1, "codename": "add_logentry"}}, {"model": "auth.permission", "pk": 2, "fields": {"name": "Can change log entry", "content_type": 1, "codename": "change_logentry"}}, {"model": "auth.permission", "pk": 3, "fields": {"name": "Can delete log entry", "content_type": 1, "codename": "delete_logentry"}}, {"model": "auth.permission", "pk": 4, "fields": {"name": "Can view log entry", "content_type": 1, "codename": "view_logentry"}}, {"model": "auth.permission", "pk": 5, "fields": {"name": "Can add permission", "content_type": 2, "codename": "add_permission"}}, {"model": "auth.permission", "pk": 6, "fields": {"name": "Can change permission", "content_type": 2, "codename": "change_permission"}}, {"model": "auth.permission", "pk": 7, "fields": {"name": "Can delete permission", "content_type": 2, "codename": "delete_permission"}}, {"model": "auth.permission", "pk": 8, "fields": {"name": "Can view permission", "content_type": 2, "codename": "view_permission"}}, {"model": "auth.permission", "pk": 9, "fields": {"name": "Can add group", "content_type": 3, "codename": "add_group"}}, {"model": "auth.permission", "pk": 10, "fields": {"name": "Can change group", "content_type": 3, "codename": "change_group"}}, {"model": "auth.permission", "pk": 11, "fields": {"name": "Can delete group", "content_type": 3, "codename": "delete_group"}}, {"model": "auth.permission", "pk": 12, "fields": {"name": "Can view group", "content_type": 3, "codename": "view_group"}}, {"model": "auth.permission", "pk": 13, "fields": {"name": "Can add user", "content_type": 4, "codename": "add_user"}}, {"model": "auth.permission", "pk": 14, "fields": {"name": "Can change user", "content_type": 4, "codename": "change_user"}}, {"model": "auth.permission", "pk": 15, "fields": {"name": "Can delete user", "content_type": 4, "codename": "delete_user"}}, {"model": "auth.permission", "pk": 16, "fields": {"name": "Can view user", "content_type": 4, "codename": "view_user"}}, {"model": "auth.permission", "pk": 17, "fields": {"name": "Can add content type", "content_type": 5, "codename": "add_contenttype"}}, {"model": "auth.permission", "pk": 18, "fields": {"name": "Can change content type", "content_type": 5, "codename": "change_contenttype"}}, {"model": "auth.permission", "pk": 19, "fields": {"name": "Can delete content type", "content_type": 5, "codename": "delete_contenttype"}}, {"model": "auth.permission", "pk": 20, "fields": {"name": "Can view content type", "content_type": 5, "codename": "view_contenttype"}}, {"model": "auth.permission", "pk": 21, "fields": {"name": "Can add session", "content_type": 6, "codename": "add_session"}}, {"model": "auth.permission", "pk": 22, "fields": {"name": "Can change session", "content_type": 6, "codename": "change_session"}}, {"model": "auth.permission", "pk": 23, "fields": {"name": "Can delete session", "content_type": 6, "codename": "delete_session"}}, {"model": "auth.permission", "pk": 24, "fields": {"name": "Can view session", "content_type": 6, "codename": "view_session"}}, {"model": "auth.permission", "pk": 25, "fields": {"name": "Can add customer", "content_type": 7, "codename": "add_customer"}}, {"model": "auth.permission", "pk": 26, "fields": {"name": "Can change customer", "content_type": 7, "codename": "change_customer"}}, {"model": "auth.permission", "pk": 27, "fields": {"name": "Can delete customer", "content_type": 7, "codename": "delete_customer"}}, {"model": "auth.permission", "pk": 28, "fields": {"name": "Can view customer", "content_type": 7, "codename": "view_customer"}}, {"model": "auth.permission", "pk": 29, "fields": {"name": "Can add order", "content_type": 8, "codename": "add_order"}}, {"model": "auth.permission", "pk": 30, "fields": {"name": "Can change order", "content_type": 8, "codename": "change_order"}}, {"model": "auth.permission", "pk": 31, "fields": {"name": "Can delete order", "content_type": 8, "codename": "delete_order"}}, {"model": "auth.permission", "pk": 32, "fields": {"name": "Can view order", "content_type": 8, "codename": "view_order"}}, {"model": "auth.permission", "pk": 33, "fields": {"name": "Can add product", "content_type": 9, "codename": "add_product"}}, {"model": "auth.permission", "pk": 34, "fields": {"name": "Can change product", "content_type": 9, "codename": "change_product"}}, {"model": "auth.permission", "pk": 35, "fields": {"name": "Can delete product", "content_type": 9, "codename": "delete_product"}}, {"model": "auth.permission", "pk": 36, "fields": {"name": "Can view product", "content_type": 9, "codename": "view_product"}}, {"model": "auth.permission", "pk": 37, "fields": {"name": "Can add shipping address", "content_type": 10, "codename": "add_shippingaddress"}}, {"model": "auth.permission", "pk": 38, "fields": {"name": "Can change shipping address", "content_type": 10, "codename": "change_shippingaddress"}}, {"model": "auth.permission", "pk": 39, "fields": {"name": "Can delete shipping address", "content_type": 10, "codename": "delete_shippingaddress"}}, {"model": "auth.permission", "pk": 40, "fields": {"name": "Can view shipping address", "content_type": 10, "codename": "view_shippingaddress"}}, {"model": "auth.permission", "pk": 41, "fields": {"name": "Can add order item", "content_type": 11, "codename": "add_orderitem"}}, {"model": "auth.permission", "pk": 42, "fields": {"name": "Can change order item", "content_type": 11, "codename": "change_orderitem"}}, {"model": "auth.permission", "pk": 43, "fields": {"name": "Can delete order item", "content_type": 11, "codename": "delete_orderitem"}}, {"model": "auth.permission", "pk": 44, "fields": {"name": "Can view order item", "content_type": 11, "codename": "view_orderitem"}}, {"model": "auth.user", "pk": 1, "fields": {"password": "pbkdf2_sha256$600000$iKbD6K4P4SHGhCBRm8XfCc$gdE7Yd6TABDfp5BCyvzL7vVpjTMVcVsFdBTGciIXUIs=", "last_login": "2023-12-07T05:05:47.275Z", "is_superuser": true, "username": "suzanne", "first_name": "", "last_name": "", "email": "suzannehill57@gmail.com", "is_staff": true, "is_active": true, "date_joined": "2023-11-08T01:13:14.029Z", "groups": [], "user_permissions": []}}, {"model": "contenttypes.contenttype", "pk": 1, "fields": {"app_label": "admin", "model": "logentry"}}, {"model": "contenttypes.contenttype", "pk": 2, "fields": {"app_label": "auth", "model": "permission"}}, {"model": "contenttypes.contenttype", "pk": 3, "fields": {"app_label": "auth", "model": "group"}}, {"model": "contenttypes.contenttype", "pk": 4, "fields": {"app_label": "auth", "model": "user"}}, {"model": "contenttypes.contenttype", "pk": 5, "fields": {"app_label": "contenttypes", "model": "contenttype"}}, {"model": "contenttypes.contenttype", "pk": 6, "fields": {"app_label": "sessions", "model": "session"}}, {"model": "contenttypes.contenttype", "pk": 7, "fields": {"app_label": "CHBS", "model": "customer"}}, {"model": "contenttypes.contenttype", "pk": 8, "fields": {"app_label": "CHBS", "model": "order"}}, {"model": "contenttypes.contenttype", "pk": 9, "fields": {"app_label": "CHBS", "model": "product"}}, {"model": "contenttypes.contenttype", "pk": 10, "fields": {"app_label": "CHBS", "model": "shippingaddress"}}, {"model": "contenttypes.contenttype", "pk": 11, "fields": {"app_label": "CHBS", "model": "orderitem"}}, {"model": "CHBS.customer", "pk": 1, "fields": {"user": 1, "name": "test", "email": "test@gmail.com", "phone": "False"}}, {"model": "CHBS.customer", "pk": 5, "fields": {"user": null, "name": "Taiwo Akinlabi", "email": "ty16akins@gmail.com", "phone": "False"}}, {"model": "CHBS.customer", "pk": 6, "fields": {"user": null, "name": "Taiwo Akinlabi", "email": "akin0045@algonquinlive.com", "phone": "False"}}, {"model": "CHBS.customer", "pk": 7, "fields": {"user": null, "name": "", "email": "", "phone": "False"}}, {"model": "CHBS.customer", "pk": 8, "fields": {"user": null, "name": "Taiwo Akinlabi", "email": "ty16akins@gmail.com", "phone": null}}, {"model": "CHBS.customer", "pk": 9, "fields": {"user": null, "name": "Taiwo Akinlabi", "email": "ty16akins@gmail.com", "phone": "3432977579"}}, {"model": "CHBS.product", "pk": 2, "fields": {"name": "Scary Cookies", "price": "1.15", "special": false, "digital": true, "image": "cookies_1Xie5LR.png"}}, {"model": "CHBS.product", "pk": 3, "fields": {"name": "Spider Cake", "price": "20.00", "special": false, "digital": true, "image": "cake_JVc4Z8z.png"}}, {"model": "CHBS.product", "pk": 4, "fields": {"name": "Skeleton Biscuits", "price": "12.00", "special": false, "digital": true, "image": "cookies-2220291_1280_Kb6TGUR.png"}}, {"model": "CHBS.product", "pk": 5, "fields": {"name": "Canadian Pie", "price": "20.00", "special": true, "digital": true, "image": "SueBaking_-_5.png"}}, {"model": "CHBS.product", "pk": 6, "fields": {"name": "Butter cookies", "price": "6.00", "special": true, "digital": true, "image": "image-20231125-141436-6f55bc2d.jpeg"}}, {"model": "CHBS.product", "pk": 7, "fields": {"name": "Apple Cinnamon Bread", "price": "6.00", "special": false, "digital": true, "image": "cinnamon-rolls-1417494_1280_PweMK9b.png"}}, {"model": "CHBS.product", "pk": 8, "fields": {"name": "Chocolate Donuts", "price": "8.00", "special": false, "digital": true, "image": "donuts_V4UxSsp.jpg"}}, {"model": "CHBS.product", "pk": 9, "fields": {"name": "Ginger bread man", "price": "22.00", "special": false, "digital": true, "image": "image-20231125-141450-92da94e0_jawNUAa.jpeg"}}, {"model": "CHBS.product", "pk": 10, "fields": {"name": "Apple pie", "price": "27.50", "special": true, "digital": true, "image": "SueBaking_-_3.png"}}, {"model": "CHBS.product", "pk": 12, "fields": {"name": "Tourtiere", "price": "19.95", "special": true, "digital": true, "image": "image-20231125-141359-b3d437da.jpeg"}}, {"model": "CHBS.order", "pk": 26, "fields": {"customer": 1, "date_ordered": "2023-11-30T05:32:22.882Z", "complete": true, "transaction_id": "1701356984.271815"}}, {"model": "CHBS.order", "pk": 27, "fields": {"customer": 1, "date_ordered": "2023-11-30T15:09:55.999Z", "complete": true, "transaction_id": "1701359884.609732"}}, {"model": "CHBS.order", "pk": 28, "fields": {"customer": 1, "date_ordered": "2023-11-30T15:58:22.192Z", "complete": true, "transaction_id": "1701360061.725073"}}, {"model": "CHBS.order", "pk": 29, "fields": {"customer": 5, "date_ordered": "2023-11-30T16:02:31.516Z", "complete": true, "transaction_id": "1701360151.502404"}}, {"model": "CHBS.order", "pk": 30, "fields": {"customer": 1, "date_ordered": "2023-11-30T16:05:10.455Z", "complete": true, "transaction_id": "1701360400.442954"}}, {"model": "CHBS.order", "pk": 31, "fields": {"customer": 1, "date_ordered": "2023-11-30T16:06:54.568Z", "complete": true, "transaction_id": "1701371927.802673"}}, {"model": "CHBS.order", "pk": 32, "fields": {"customer": 1, "date_ordered": "2023-11-30T19:18:55.007Z", "complete": true, "transaction_id": "1701375321.93978"}}, {"model": "CHBS.order", "pk": 33, "fields": {"customer": 1, "date_ordered": "2023-11-30T20:15:33.355Z", "complete": true, "transaction_id": "1701375572.656728"}}, {"model": "CHBS.order", "pk": 34, "fields": {"customer": 1, "date_ordered": "2023-11-30T20:19:39.750Z", "complete": true, "transaction_id": "1701377319.984512"}}, {"model": "CHBS.order", "pk": 35, "fields": {"customer": 1, "date_ordered": "2023-11-30T20:48:47.032Z", "complete": true, "transaction_id": "1701390669.313311"}}, {"model": "CHBS.order", "pk": 36, "fields": {"customer": 1, "date_ordered": "2023-12-01T00:31:13.857Z", "complete": true, "transaction_id": "1701399563.189668"}}, {"model": "CHBS.order", "pk": 37, "fields": {"customer": 1, "date_ordered": "2023-12-01T02:59:27.459Z", "complete": true, "transaction_id": "1701399893.055029"}}, {"model": "CHBS.order", "pk": 38, "fields": {"customer": 5, "date_ordered": "2023-12-01T03:18:25.155Z", "complete": false, "transaction_id": "1701400705.14381"}}, {"model": "CHBS.order", "pk": 39, "fields": {"customer": 5, "date_ordered": "2023-12-01T05:38:14.599Z", "complete": true, "transaction_id": "1701409094.589425"}}, {"model": "CHBS.order", "pk": 40, "fields": {"customer": 5, "date_ordered": "2023-12-01T13:35:49.731Z", "complete": true, "transaction_id": "1701437749.721196"}}, {"model": "CHBS.order", "pk": 41, "fields": {"customer": 5, "date_ordered": "2023-12-01T15:57:10.562Z", "complete": true, "transaction_id": "1701446230.544166"}}, {"model": "CHBS.order", "pk": 42, "fields": {"customer": 5, "date_ordered": "2023-12-01T16:03:15.328Z", "complete": true, "transaction_id": "1701446595.310636"}}, {"model": "CHBS.order", "pk": 43, "fields": {"customer": 5, "date_ordered": "2023-12-01T17:22:44.174Z", "complete": true, "transaction_id": "1701451364.155184"}}, {"model": "CHBS.order", "pk": 44, "fields": {"customer": 5, "date_ordered": "2023-12-01T20:14:56.309Z", "complete": true, "transaction_id": "1701461696.290182"}}, {"model": "CHBS.order", "pk": 45, "fields": {"customer": 5, "date_ordered": "2023-12-01T20:19:08.903Z", "complete": true, "transaction_id": "1701461948.886141"}}, {"model": "CHBS.order", "pk": 46, "fields": {"customer": 1, "date_ordered": "2023-12-01T21:26:09.565Z", "complete": true, "transaction_id": "1701466189.206417"}}, {"model": "CHBS.order", "pk": 47, "fields": {"customer": 1, "date_ordered": "2023-12-01T21:37:27.542Z", "complete": true, "transaction_id": "1701790941.900581"}}, {"model": "CHBS.order", "pk": 48, "fields": {"customer": 1, "date_ordered": "2023-12-05T16:01:04.827Z", "complete": true, "transaction_id": "1701793309.550114"}}, {"model": "CHBS.order", "pk": 49, "fields": {"customer": 1, "date_ordered": "2023-12-05T16:27:14.828Z", "complete": true, "transaction_id": "1701800670.003203"}}, {"model": "CHBS.order", "pk": 50, "fields": {"customer": 5, "date_ordered": "2023-12-05T18:19:22.242Z", "complete": true, "transaction_id": "1701800362.21296"}}, {"model": "CHBS.order", "pk": 51, "fields": {"customer": 1, "date_ordered": "2023-12-05T18:39:06.186Z", "complete": true, "transaction_id": "1701913625.103601"}}, {"model": "CHBS.order", "pk": 52, "fields": {"customer": 5, "date_ordered": "2023-12-07T01:54:12.662Z", "complete": true, "transaction_id": "1701914052.645165"}}, {"model": "CHBS.order", "pk": 53, "fields": {"customer": 5, "date_ordered": "2023-12-07T02:26:14.656Z", "complete": true, "transaction_id": "1701915974.627253"}}, {"model": "CHBS.order", "pk": 54, "fields": {"customer": 5, "date_ordered": "2023-12-07T02:42:41.695Z", "complete": false, "transaction_id": null}}, {"model": "CHBS.order", "pk": 55, "fields": {"customer": 5, "date_ordered": "2023-12-07T02:42:43.745Z", "complete": false, "transaction_id": null}}, {"model": "CHBS.order", "pk": 56, "fields": {"customer": 6, "date_ordered": "2023-12-07T02:44:43.506Z", "complete": false, "transaction_id": null}}, {"model": "CHBS.order", "pk": 57, "fields": {"customer": 6, "date_ordered": "2023-12-07T02:44:44.556Z", "complete": false, "transaction_id": null}}, {"model": "CHBS.order", "pk": 58, "fields": {"customer": 5, "date_ordered": "2023-12-07T02:46:38.707Z", "complete": false, "transaction_id": null}}, {"model": "CHBS.order", "pk": 59, "fields": {"customer": 5, "date_ordered": "2023-12-07T02:46:38.716Z", "complete": false, "transaction_id": null}}, {"model": "CHBS.order", "pk": 60, "fields": {"customer": 5, "date_ordered": "2023-12-07T02:48:04.590Z", "complete": false, "transaction_id": null}}, {"model": "CHBS.order", "pk": 61, "fields": {"customer": 5, "date_ordered": "2023-12-07T02:48:04.598Z", "complete": false, "transaction_id": null}}, {"model": "CHBS.order", "pk": 62, "fields": {"customer": 5, "date_ordered": "2023-12-07T02:48:35.383Z", "complete": false, "transaction_id": null}}, {"model": "CHBS.order", "pk": 63, "fields": {"customer": 5, "date_ordered": "2023-12-07T02:50:26.720Z", "complete": false, "transaction_id": null}}, {"model": "CHBS.order", "pk": 64, "fields": {"customer": 5, "date_ordered": "2023-12-07T02:51:31.899Z", "complete": false, "transaction_id": null}}, {"model": "CHBS.order", "pk": 65, "fields": {"customer": 5, "date_ordered": "2023-12-07T02:53:05.256Z", "complete": true, "transaction_id": "1701917585.249046"}}, {"model": "CHBS.order", "pk": 66, "fields": {"customer": 5, "date_ordered": "2023-12-07T02:54:05.537Z", "complete": true, "transaction_id": "1701917645.527027"}}, {"model": "CHBS.order", "pk": 67, "fields": {"customer": 5, "date_ordered": "2023-12-07T02:57:13.705Z", "complete": true, "transaction_id": "1701917833.696829"}}, {"model": "CHBS.order", "pk": 68, "fields": {"customer": 5, "date_ordered": "2023-12-07T02:58:01.471Z", "complete": true, "transaction_id": "1701917881.464864"}}, {"model": "CHBS.order", "pk": 69, "fields": {"customer": 5, "date_ordered": "2023-12-07T02:59:01.947Z", "complete": true, "transaction_id": "1701917941.940725"}}, {"model": "CHBS.order", "pk": 70, "fields": {"customer": 5, "date_ordered": "2023-12-07T03:02:45.604Z", "complete": true, "transaction_id": "1701918165.591486"}}, {"model": "CHBS.order", "pk": 71, "fields": {"customer": 5, "date_ordered": "2023-12-07T03:04:05.394Z", "complete": true, "transaction_id": "1701918245.379628"}}, {"model": "CHBS.order", "pk": 72, "fields": {"customer": 5, "date_ordered": "2023-12-07T03:04:56.245Z", "complete": true, "transaction_id": "1701918296.237392"}}, {"model": "CHBS.order", "pk": 73, "fields": {"customer": 6, "date_ordered": "2023-12-07T03:09:40.165Z", "complete": true, "transaction_id": "1701918580.149031"}}, {"model": "CHBS.order", "pk": 74, "fields": {"customer": 5, "date_ordered": "2023-12-07T03:10:44.190Z", "complete": true, "transaction_id": "1701918644.180532"}}, {"model": "CHBS.order", "pk": 75, "fields": {"customer": 5, "date_ordered": "2023-12-07T03:13:45.204Z", "complete": true, "transaction_id": "1701918825.194045"}}, {"model": "CHBS.order", "pk": 76, "fields": {"customer": 5, "date_ordered": "2023-12-07T03:15:24.373Z", "complete": true, "transaction_id": "1701918924.359108"}}, {"model": "CHBS.order", "pk": 77, "fields": {"customer": 7, "date_ordered": "2023-12-07T03:30:34.209Z", "complete": true, "transaction_id": "1701919834.200899"}}, {"model": "CHBS.order", "pk": 78, "fields": {"customer": 7, "date_ordered": "2023-12-07T03:31:28.927Z", "complete": true, "transaction_id": "1701919888.920889"}}, {"model": "CHBS.order", "pk": 79, "fields": {"customer": 7, "date_ordered": "2023-12-07T03:31:29.174Z", "complete": true, "transaction_id": "1701919889.165992"}}, {"model": "CHBS.order", "pk": 80, "fields": {"customer": 7, "date_ordered": "2023-12-07T03:35:04.377Z", "complete": true, "transaction_id": "1701920104.340303"}}, {"model": "CHBS.order", "pk": 81, "fields": {"customer": 5, "date_ordered": "2023-12-07T03:38:22.153Z", "complete": true, "transaction_id": "1701920302.114349"}}, {"model": "CHBS.order", "pk": 82, "fields": {"customer": 8, "date_ordered": "2023-12-07T05:00:11.328Z", "complete": true, "transaction_id": "1701925211.314946"}}, {"model": "CHBS.order", "pk": 83, "fields": {"customer": 9, "date_ordered": "2023-12-07T05:11:29.189Z", "complete": true, "transaction_id": "1701925889.171516"}}, {"model": "CHBS.order", "pk": 84, "fields": {"customer": 9, "date_ordered": "2023-12-07T05:15:42.925Z", "complete": true, "transaction_id": "1701926142.91219"}}, {"model": "CHBS.order", "pk": 85, "fields": {"customer": 9, "date_ordered": "2023-12-07T16:42:34.313Z", "complete": false, "transaction_id": null}}, {"model": "CHBS.order", "pk": 86, "fields": {"customer": 9, "date_ordered": "2023-12-07T16:42:40.304Z", "complete": false, "transaction_id": null}}, {"model": "CHBS.order", "pk": 87, "fields": {"customer": 9, "date_ordered": "2023-12-07T16:45:09.824Z", "complete": true, "transaction_id": "1701967509.808813"}}, {"model": "CHBS.order", "pk": 88, "fields": {"customer": 9, "date_ordered": "2023-12-07T16:48:01.022Z", "complete": true, "transaction_id": "1701967680.997538"}}, {"model": "CHBS.orderitem", "pk": 20, "fields": {"product": 5, "order": 26, "quantity": 2, "date_added": "2023-11-30T14:53:59.136Z"}}, {"model": "CHBS.orderitem", "pk": 21, "fields": {"product": 6, "order": 28, "quantity": 1, "date_added": "2023-11-30T16:00:10.270Z"}}, {"model": "CHBS.orderitem", "pk": 22, "fields": {"product": 10, "order": 29, "quantity": 1, "date_added": "2023-11-30T16:02:31.519Z"}}, {"model": "CHBS.orderitem", "pk": 23, "fields": {"product": 9, "order": 30, "quantity": 2, "date_added": "2023-11-30T16:05:10.469Z"}}, {"model": "CHBS.orderitem", "pk": 24, "fields": {"product": 10, "order": 30, "quantity": 2, "date_added": "2023-11-30T16:05:22.951Z"}}, {"model": "CHBS.orderitem", "pk": 25, "fields": {"product": 6, "order": 30, "quantity": 2, "date_added": "2023-11-30T16:05:24.864Z"}}, {"model": "CHBS.orderitem", "pk": 27, "fields": {"product": 6, "order": 31, "quantity": 4, "date_added": "2023-11-30T17:56:16.243Z"}}, {"model": "CHBS.orderitem", "pk": 32, "fields": {"product": 6, "order": 32, "quantity": 1, "date_added": "2023-11-30T19:59:57.780Z"}}, {"model": "CHBS.orderitem", "pk": 33, "fields": {"product": 5, "order": 32, "quantity": 1, "date_added": "2023-11-30T19:59:59.434Z"}}, {"model": "CHBS.orderitem", "pk": 34, "fields": {"product": 6, "order": 33, "quantity": 1, "date_added": "2023-11-30T20:18:07.604Z"}}, {"model": "CHBS.orderitem", "pk": 35, "fields": {"product": 5, "order": 33, "quantity": 1, "date_added": "2023-11-30T20:18:09.695Z"}}, {"model": "CHBS.orderitem", "pk": 36, "fields": {"product": 3, "order": 34, "quantity": 4, "date_added": "2023-11-30T20:31:24.116Z"}}, {"model": "CHBS.orderitem", "pk": 39, "fields": {"product": 10, "order": 34, "quantity": 2, "date_added": "2023-11-30T20:31:43.765Z"}}, {"model": "CHBS.orderitem", "pk": 40, "fields": {"product": 6, "order": 35, "quantity": 1, "date_added": "2023-12-01T00:30:23.700Z"}}, {"model": "CHBS.orderitem", "pk": 41, "fields": {"product": 5, "order": 36, "quantity": 1, "date_added": "2023-12-01T02:58:06.058Z"}}, {"model": "CHBS.orderitem", "pk": 42, "fields": {"product": 6, "order": 36, "quantity": 1, "date_added": "2023-12-01T02:58:07.389Z"}}, {"model": "CHBS.orderitem", "pk": 43, "fields": {"product": 10, "order": 36, "quantity": 1, "date_added": "2023-12-01T02:58:10.372Z"}}, {"model": "CHBS.orderitem", "pk": 44, "fields": {"product": 6, "order": 37, "quantity": 1, "date_added": "2023-12-01T03:04:04.421Z"}}, {"model": "CHBS.orderitem", "pk": 45, "fields": {"product": 5, "order": 37, "quantity": 1, "date_added": "2023-12-01T03:04:05.700Z"}}, {"model": "CHBS.orderitem", "pk": 46, "fields": {"product": 10, "order": 37, "quantity": 1, "date_added": "2023-12-01T03:04:07.162Z"}}, {"model": "CHBS.orderitem", "pk": 47, "fields": {"product": 12, "order": 37, "quantity": 1, "date_added": "2023-12-01T03:04:09.689Z"}}, {"model": "CHBS.orderitem", "pk": 48, "fields": {"product": 5, "order": 38, "quantity": 1, "date_added": "2023-12-01T03:18:25.166Z"}}, {"model": "CHBS.orderitem", "pk": 49, "fields": {"product": 6, "order": 38, "quantity": 1, "date_added": "2023-12-01T03:18:25.169Z"}}, {"model": "CHBS.orderitem", "pk": 50, "fields": {"product": 10, "order": 38, "quantity": 1, "date_added": "2023-12-01T03:18:25.171Z"}}, {"model": "CHBS.orderitem", "pk": 51, "fields": {"product": 6, "order": 39, "quantity": 1, "date_added": "2023-12-01T05:38:14.612Z"}}, {"model": "CHBS.orderitem", "pk": 52, "fields": {"product": 10, "order": 40, "quantity": 1, "date_added": "2023-12-01T13:35:49.743Z"}}, {"model": "CHBS.orderitem", "pk": 53, "fields": {"product": 6, "order": 41, "quantity": 3, "date_added": "2023-12-01T15:57:10.572Z"}}, {"model": "CHBS.orderitem", "pk": 54, "fields": {"product": 10, "order": 41, "quantity": 2, "date_added": "2023-12-01T15:57:10.575Z"}}, {"model": "CHBS.orderitem", "pk": 55, "fields": {"product": 5, "order": 42, "quantity": 1, "date_added": "2023-12-01T16:03:15.333Z"}}, {"model": "CHBS.orderitem", "pk": 56, "fields": {"product": 6, "order": 42, "quantity": 1, "date_added": "2023-12-01T16:03:15.335Z"}}, {"model": "CHBS.orderitem", "pk": 57, "fields": {"product": 10, "order": 42, "quantity": 1, "date_added": "2023-12-01T16:03:15.336Z"}}, {"model": "CHBS.orderitem", "pk": 58, "fields": {"product": 6, "order": 43, "quantity": 1, "date_added": "2023-12-01T17:22:44.178Z"}}, {"model": "CHBS.orderitem", "pk": 59, "fields": {"product": 2, "order": 44, "quantity": 1, "date_added": "2023-12-01T20:14:56.319Z"}}, {"model": "CHBS.orderitem", "pk": 60, "fields": {"product": 3, "order": 44, "quantity": 1, "date_added": "2023-12-01T20:14:56.322Z"}}, {"model": "CHBS.orderitem", "pk": 61, "fields": {"product": 10, "order": 44, "quantity": 1, "date_added": "2023-12-01T20:14:56.323Z"}}, {"model": "CHBS.orderitem", "pk": 62, "fields": {"product": 6, "order": 45, "quantity": 1, "date_added": "2023-12-01T20:19:08.906Z"}}, {"model": "CHBS.orderitem", "pk": 63, "fields": {"product": 12, "order": 46, "quantity": 1, "date_added": "2023-12-01T21:26:09.577Z"}}, {"model": "CHBS.orderitem", "pk": 64, "fields": {"product": 9, "order": 46, "quantity": 1, "date_added": "2023-12-01T21:27:33.761Z"}}, {"model": "CHBS.orderitem", "pk": 65, "fields": {"product": 12, "order": 47, "quantity": 1, "date_added": "2023-12-01T21:37:27.549Z"}}, {"model": "CHBS.orderitem", "pk": 67, "fields": {"product": 12, "order": 48, "quantity": 3, "date_added": "2023-12-05T16:21:08.460Z"}}, {"model": "CHBS.orderitem", "pk": 72, "fields": {"product": 5, "order": 50, "quantity": 3, "date_added": "2023-12-05T18:19:22.248Z"}}, {"model": "CHBS.orderitem", "pk": 77, "fields": {"product": 12, "order": 49, "quantity": 1, "date_added": "2023-12-05T18:24:17.420Z"}}, {"model": "CHBS.orderitem", "pk": 78, "fields": {"product": 10, "order": 51, "quantity": 1, "date_added": "2023-12-05T18:39:06.199Z"}}, {"model": "CHBS.orderitem", "pk": 79, "fields": {"product": 10, "order": 52, "quantity": 1, "date_added": "2023-12-07T01:54:12.665Z"}}, {"model": "CHBS.orderitem", "pk": 80, "fields": {"product": 6, "order": 53, "quantity": 1, "date_added": "2023-12-07T02:26:14.660Z"}}, {"model": "CHBS.orderitem", "pk": 81, "fields": {"product": 5, "order": 54, "quantity": 1, "date_added": "2023-12-07T02:42:41.702Z"}}, {"model": "CHBS.orderitem", "pk": 82, "fields": {"product": 5, "order": 55, "quantity": 1, "date_added": "2023-12-07T02:42:43.749Z"}}, {"model": "CHBS.orderitem", "pk": 83, "fields": {"product": 5, "order": 56, "quantity": 1, "date_added": "2023-12-07T02:44:43.509Z"}}, {"model": "CHBS.orderitem", "pk": 84, "fields": {"product": 5, "order": 57, "quantity": 1, "date_added": "2023-12-07T02:44:44.558Z"}}, {"model": "CHBS.orderitem", "pk": 85, "fields": {"product": 5, "order": 58, "quantity": 1, "date_added": "2023-12-07T02:46:38.711Z"}}, {"model": "CHBS.orderitem", "pk": 86, "fields": {"product": 5, "order": 59, "quantity": 1, "date_added": "2023-12-07T02:46:38.725Z"}}, {"model": "CHBS.orderitem", "pk": 87, "fields": {"product": 5, "order": 60, "quantity": 1, "date_added": "2023-12-07T02:48:04.594Z"}}, {"model": "CHBS.orderitem", "pk": 88, "fields": {"product": 5, "order": 61, "quantity": 1, "date_added": "2023-12-07T02:48:04.601Z"}}, {"model": "CHBS.orderitem", "pk": 89, "fields": {"product": 5, "order": 62, "quantity": 1, "date_added": "2023-12-07T02:48:35.386Z"}}, {"model": "CHBS.orderitem", "pk": 90, "fields": {"product": 5, "order": 63, "quantity": 1, "date_added": "2023-12-07T02:50:26.723Z"}}, {"model": "CHBS.orderitem", "pk": 91, "fields": {"product": 5, "order": 64, "quantity": 1, "date_added": "2023-12-07T02:51:31.903Z"}}, {"model": "CHBS.orderitem", "pk": 92, "fields": {"product": 5, "order": 65, "quantity": 1, "date_added": "2023-12-07T02:53:05.259Z"}}, {"model": "CHBS.orderitem", "pk": 93, "fields": {"product": 6, "order": 66, "quantity": 1, "date_added": "2023-12-07T02:54:05.547Z"}}, {"model": "CHBS.orderitem", "pk": 94, "fields": {"product": 6, "order": 67, "quantity": 1, "date_added": "2023-12-07T02:57:13.715Z"}}, {"model": "CHBS.orderitem", "pk": 95, "fields": {"product": 6, "order": 68, "quantity": 1, "date_added": "2023-12-07T02:58:01.478Z"}}, {"model": "CHBS.orderitem", "pk": 96, "fields": {"product": 6, "order": 69, "quantity": 1, "date_added": "2023-12-07T02:59:01.951Z"}}, {"model": "CHBS.orderitem", "pk": 97, "fields": {"product": 5, "order": 70, "quantity": 1, "date_added": "2023-12-07T03:02:45.608Z"}}, {"model": "CHBS.orderitem", "pk": 98, "fields": {"product": 6, "order": 70, "quantity": 1, "date_added": "2023-12-07T03:02:45.610Z"}}, {"model": "CHBS.orderitem", "pk": 99, "fields": {"product": 5, "order": 71, "quantity": 1, "date_added": "2023-12-07T03:04:05.406Z"}}, {"model": "CHBS.orderitem", "pk": 100, "fields": {"product": 6, "order": 71, "quantity": 1, "date_added": "2023-12-07T03:04:05.410Z"}}, {"model": "CHBS.orderitem", "pk": 101, "fields": {"product": 10, "order": 71, "quantity": 1, "date_added": "2023-12-07T03:04:05.411Z"}}, {"model": "CHBS.orderitem", "pk": 102, "fields": {"product": 5, "order": 72, "quantity": 1, "date_added": "2023-12-07T03:04:56.249Z"}}, {"model": "CHBS.orderitem", "pk": 103, "fields": {"product": 6, "order": 72, "quantity": 1, "date_added": "2023-12-07T03:04:56.253Z"}}, {"model": "CHBS.orderitem", "pk": 104, "fields": {"product": 10, "order": 72, "quantity": 1, "date_added": "2023-12-07T03:04:56.255Z"}}, {"model": "CHBS.orderitem", "pk": 105, "fields": {"product": 5, "order": 73, "quantity": 1, "date_added": "2023-12-07T03:09:40.175Z"}}, {"model": "CHBS.orderitem", "pk": 106, "fields": {"product": 6, "order": 73, "quantity": 1, "date_added": "2023-12-07T03:09:40.179Z"}}, {"model": "CHBS.orderitem", "pk": 107, "fields": {"product": 5, "order": 74, "quantity": 1, "date_added": "2023-12-07T03:10:44.201Z"}}, {"model": "CHBS.orderitem", "pk": 108, "fields": {"product": 6, "order": 74, "quantity": 1, "date_added": "2023-12-07T03:10:44.203Z"}}, {"model": "CHBS.orderitem", "pk": 109, "fields": {"product": 10, "order": 75, "quantity": 2, "date_added": "2023-12-07T03:13:45.212Z"}}, {"model": "CHBS.orderitem", "pk": 110, "fields": {"product": 12, "order": 75, "quantity": 4, "date_added": "2023-12-07T03:13:45.216Z"}}, {"model": "CHBS.orderitem", "pk": 111, "fields": {"product": 5, "order": 76, "quantity": 3, "date_added": "2023-12-07T03:15:24.377Z"}}, {"model": "CHBS.orderitem", "pk": 112, "fields": {"product": 6, "order": 76, "quantity": 4, "date_added": "2023-12-07T03:15:24.380Z"}}, {"model": "CHBS.orderitem", "pk": 113, "fields": {"product": 5, "order": 77, "quantity": 1, "date_added": "2023-12-07T03:30:34.212Z"}}, {"model": "CHBS.orderitem", "pk": 114, "fields": {"product": 6, "order": 77, "quantity": 2, "date_added": "2023-12-07T03:30:34.214Z"}}, {"model": "CHBS.orderitem", "pk": 115, "fields": {"product": 6, "order": 78, "quantity": 1, "date_added": "2023-12-07T03:31:28.938Z"}}, {"model": "CHBS.orderitem", "pk": 116, "fields": {"product": 6, "order": 79, "quantity": 1, "date_added": "2023-12-07T03:31:29.176Z"}}, {"model": "CHBS.orderitem", "pk": 117, "fields": {"product": 6, "order": 80, "quantity": 1, "date_added": "2023-12-07T03:35:04.381Z"}}, {"model": "CHBS.orderitem", "pk": 118, "fields": {"product": 6, "order": 81, "quantity": 1, "date_added": "2023-12-07T03:38:22.156Z"}}, {"model": "CHBS.orderitem", "pk": 119, "fields": {"product": 6, "order": 82, "quantity": 1, "date_added": "2023-12-07T05:00:11.336Z"}}, {"model": "CHBS.orderitem", "pk": 120, "fields": {"product": 6, "order": 83, "quantity": 4, "date_added": "2023-12-07T05:11:29.191Z"}}, {"model": "CHBS.orderitem", "pk": 121, "fields": {"product": 5, "order": 84, "quantity": 1, "date_added": "2023-12-07T05:15:42.927Z"}}, {"model": "CHBS.orderitem", "pk": 122, "fields": {"product": 6, "order": 84, "quantity": 1, "date_added": "2023-12-07T05:15:42.929Z"}}, {"model": "CHBS.orderitem", "pk": 123, "fields": {"product": 10, "order": 84, "quantity": 1, "date_added": "2023-12-07T05:15:42.932Z"}}, {"model": "CHBS.orderitem", "pk": 124, "fields": {"product": 10, "order": 85, "quantity": 1, "date_added": "2023-12-07T16:42:34.317Z"}}, {"model": "CHBS.orderitem", "pk": 125, "fields": {"product": 10, "order": 86, "quantity": 1, "date_added": "2023-12-07T16:42:40.307Z"}}, {"model": "CHBS.orderitem", "pk": 126, "fields": {"product": 10, "order": 87, "quantity": 1, "date_added": "2023-12-07T16:45:09.828Z"}}, {"model": "CHBS.orderitem", "pk": 127, "fields": {"product": 5, "order": 88, "quantity": 2, "date_added": "2023-12-07T16:48:01.030Z"}}, {"model": "CHBS.orderitem", "pk": 128, "fields": {"product": 10, "order": 88, "quantity": 2, "date_added": "2023-12-07T16:48:01.033Z"}}, {"model": "CHBS.shippingaddress", "pk": 1, "fields": {"customer": 1, "order": null, "address": "687", "city": "Ottawa", "province": "Ontario", "postalcode": "K1T 0R3", "date_added": "2023-11-29T07:36:36.180Z"}}, {"model": "CHBS.shippingaddress", "pk": 8, "fields": {"customer": 1, "order": 26, "address": "1179 Meadowlands drive east", "city": "Ottawa", "province": "Ontario", "postalcode": "K2E 6J5", "date_added": "2023-11-30T06:05:53.096Z"}}, {"model": "CHBS.shippingaddress", "pk": 9, "fields": {"customer": 1, "order": 26, "address": "", "city": "", "province": "", "postalcode": "", "date_added": "2023-11-30T06:07:01.998Z"}}, {"model": "CHBS.shippingaddress", "pk": 10, "fields": {"customer": 1, "order": 26, "address": "1179 Meadowlands drive east", "city": "Ottawa", "province": "Ontario", "postalcode": "K2E 6J5", "date_added": "2023-11-30T06:07:55.540Z"}}, {"model": "CHBS.shippingaddress", "pk": 11, "fields": {"customer": 1, "order": 26, "address": "", "city": "", "province": "", "postalcode": "", "date_added": "2023-11-30T06:10:59.403Z"}}, {"model": "CHBS.shippingaddress", "pk": 12, "fields": {"customer": 1, "order": 26, "address": "", "city": "", "province": "", "postalcode": "", "date_added": "2023-11-30T06:32:12.689Z"}}, {"model": "CHBS.shippingaddress", "pk": 13, "fields": {"customer": 1, "order": 26, "address": "", "city": "", "province": "", "postalcode": "", "date_added": "2023-11-30T06:36:14.887Z"}}, {"model": "CHBS.shippingaddress", "pk": 14, "fields": {"customer": 1, "order": 26, "address": "", "city": "", "province": "", "postalcode": "", "date_added": "2023-11-30T06:38:55.243Z"}}, {"model": "CHBS.shippingaddress", "pk": 15, "fields": {"customer": 1, "order": 26, "address": "", "city": "", "province": "", "postalcode": "", "date_added": "2023-11-30T06:57:34.780Z"}}, {"model": "CHBS.shippingaddress", "pk": 16, "fields": {"customer": 1, "order": 26, "address": "", "city": "", "province": "", "postalcode": "", "date_added": "2023-11-30T14:16:34.288Z"}}, {"model": "CHBS.shippingaddress", "pk": 17, "fields": {"customer": 1, "order": 26, "address": "", "city": "", "province": "", "postalcode": "", "date_added": "2023-11-30T15:00:50.784Z"}}, {"model": "CHBS.shippingaddress", "pk": 18, "fields": {"customer": 1, "order": 26, "address": "", "city": "", "province": "", "postalcode": "", "date_added": "2023-11-30T15:08:23.168Z"}}, {"model": "CHBS.shippingaddress", "pk": 19, "fields": {"customer": 1, "order": 26, "address": "", "city": "", "province": "", "postalcode": "", "date_added": "2023-11-30T15:09:44.291Z"}}, {"model": "CHBS.shippingaddress", "pk": 20, "fields": {"customer": 1, "order": 28, "address": "1179 Meadowlands drive east", "city": "Ottawa", "province": "Ontario", "postalcode": "K2E 6J5", "date_added": "2023-11-30T16:01:01.746Z"}}, {"model": "CHBS.shippingaddress", "pk": 21, "fields": {"customer": 1, "order": 30, "address": "1179 Meadowlands drive east", "city": "Ottawa", "province": "Ontario", "postalcode": "K2E 6J5", "date_added": "2023-11-30T16:06:40.462Z"}}, {"model": "CHBS.shippingaddress", "pk": 22, "fields": {"customer": 1, "order": 31, "address": "1179 Meadowlands drive east", "city": "Ottawa", "province": "Ontario", "postalcode": "K2E 6J5", "date_added": "2023-11-30T19:18:47.815Z"}}, {"model": "CHBS.shippingaddress", "pk": 23, "fields": {"customer": 1, "order": 32, "address": "687", "city": "Ottawa", "province": "Ontario", "postalcode": "K1T 0R3", "date_added": "2023-11-30T20:15:21.987Z"}}, {"model": "CHBS.shippingaddress", "pk": 24, "fields": {"customer": 1, "order": 33, "address": "687", "city": "Ottawa", "province": "Ontario", "postalcode": "K1T 0R3", "date_added": "2023-11-30T20:19:32.681Z"}}, {"model": "CHBS.shippingaddress", "pk": 25, "fields": {"customer": 1, "order": 34, "address": "1179 Meadowlands drive east", "city": "Ottawa", "province": "Ontario", "postalcode": "K2E 6J5", "date_added": "2023-11-30T20:48:40.006Z"}}, {"model": "CHBS.shippingaddress", "pk": 26, "fields": {"customer": 1, "order": 35, "address": "687", "city": "Ottawa", "province": "Ontario", "postalcode": "K1T 0R3", "date_added": "2023-12-01T00:31:09.331Z"}}, {"model": "CHBS.shippingaddress", "pk": 27, "fields": {"customer": 1, "order": 36, "address": "687", "city": "Ottawa", "province": "Ontario", "postalcode": "K1T 0R3", "date_added": "2023-12-01T02:59:23.203Z"}}, {"model": "CHBS.shippingaddress", "pk": 28, "fields": {"customer": 1, "order": 37, "address": "1179 Meadowlands drive east", "city": "Ottawa", "province": "Ontario", "postalcode": "K2E 6J5", "date_added": "2023-12-01T03:04:53.072Z"}}, {"model": "CHBS.shippingaddress", "pk": 29, "fields": {"customer": 5, "order": 38, "address": "1179 Meadowlands drive east", "city": "Ottawa", "province": "Ontario", "postalcode": "K2E 6J5", "date_added": "2023-12-01T03:18:25.181Z"}}, {"model": "CHBS.shippingaddress", "pk": 30, "fields": {"customer": 5, "order": 39, "address": "1179 Meadowlands drive east", "city": "Ottawa", "province": "Ontario", "postalcode": "K2E 6J5", "date_added": "2023-12-01T05:38:14.623Z"}}, {"model": "CHBS.shippingaddress", "pk": 31, "fields": {"customer": 5, "order": 41, "address": "1179 Meadowlands drive east", "city": "Ottawa", "province": "Ontario", "postalcode": "K2E 6J5", "date_added": "2023-12-01T15:57:10.585Z"}}, {"model": "CHBS.shippingaddress", "pk": 32, "fields": {"customer": 5, "order": 42, "address": "4728 bank street", "city": "Ottawa", "province": "Ontario", "postalcode": "K2E 6J5", "date_added": "2023-12-01T16:03:15.345Z"}}, {"model": "CHBS.shippingaddress", "pk": 33, "fields": {"customer": 5, "order": 43, "address": "687", "city": "Ottawa", "province": "Ontario", "postalcode": "K1T 0R3", "date_added": "2023-12-01T17:22:44.186Z"}}, {"model": "CHBS.shippingaddress", "pk": 34, "fields": {"customer": 5, "order": 44, "address": "1179 Meadowlands drive east", "city": "Ottawa", "province": "Ontario", "postalcode": "K2E 6J5", "date_added": "2023-12-01T20:14:56.335Z"}}, {"model": "CHBS.shippingaddress", "pk": 35, "fields": {"customer": 5, "order": 45, "address": "4728 bank street", "city": "Ottawa", "province": "Ontario", "postalcode": "K2E 6J5", "date_added": "2023-12-01T20:19:08.913Z"}}, {"model": "CHBS.shippingaddress", "pk": 36, "fields": {"customer": 1, "order": 46, "address": "1179 Meadowlands drive east", "city": "Ottawa", "province": "Ontario", "postalcode": "K2E 6J5", "date_added": "2023-12-01T21:29:49.235Z"}}, {"model": "CHBS.shippingaddress", "pk": 37, "fields": {"customer": 1, "order": 47, "address": "687", "city": "Ottawa", "province": "Ontario", "postalcode": "K1T 0R3", "date_added": "2023-12-05T15:42:21.923Z"}}, {"model": "CHBS.shippingaddress", "pk": 38, "fields": {"customer": 1, "order": 48, "address": "687", "city": "Ottawa", "province": "Ontario", "postalcode": "K1T 0R3", "date_added": "2023-12-05T16:21:49.571Z"}}, {"model": "CHBS.shippingaddress", "pk": 39, "fields": {"customer": 5, "order": 50, "address": "687", "city": "Ottawa", "province": "Ontario", "postalcode": "K1T 0R3", "date_added": "2023-12-05T18:19:22.259Z"}}, {"model": "CHBS.shippingaddress", "pk": 40, "fields": {"customer": 1, "order": 51, "address": "687", "city": "Ottawa", "province": "Ontario", "postalcode": "K1T 0R3", "date_added": "2023-12-07T01:47:05.127Z"}}, {"model": "CHBS.shippingaddress", "pk": 41, "fields": {"customer": 5, "order": 52, "address": "4728 bank street", "city": "Ottawa", "province": "Ontario", "postalcode": "K2E 6J5", "date_added": "2023-12-07T01:54:12.673Z"}}, {"model": "CHBS.shippingaddress", "pk": 42, "fields": {"customer": 5, "order": 53, "address": "687", "city": "Ottawa", "province": "Ontario", "postalcode": "K1T 0R3", "date_added": "2023-12-07T02:26:14.671Z"}}]